debugRCQK74:debugXX1A8H,0,1546905986202,"{""action"": ""Begin"", ""phase"": ""INSTRUCTIONS"", ""templates"": [""instructions/instruct-1.html"", ""instructions/instruct-2.html"", ""instructions/instruct-3.html"", ""instructions/instruct-ready.html""]}"
debugRCQK74:debugXX1A8H,1,1546905987862,"{""action"": ""NextPage"", ""indexOf"": 0, ""viewTime"": 1657, ""phase"": ""INSTRUCTIONS"", ""template"": ""instructions/instruct-1.html""}"
debugRCQK74:debugXX1A8H,2,1546905994764,"{""action"": ""NextPage"", ""indexOf"": 1, ""viewTime"": 6900, ""phase"": ""INSTRUCTIONS"", ""template"": ""instructions/instruct-2.html""}"
debugRCQK74:debugXX1A8H,3,1546905995188,"{""action"": ""NextPage"", ""indexOf"": 2, ""viewTime"": 424, ""phase"": ""INSTRUCTIONS"", ""template"": ""instructions/instruct-3.html""}"
debugRCQK74:debugXX1A8H,4,1546905997612,"{""action"": ""FinishInstructions"", ""indexOf"": 3, ""viewTime"": 2424, ""phase"": ""INSTRUCTIONS"", ""template"": ""instructions/instruct-ready.html""}"
debugRCQK74:debugXX1A8H,5,1546906876285,"{""phase"": ""INSTRUCTIONS"", ""templates"": [""instructions/instruct-1.html"", ""instructions/instruct-2.html"", ""instructions/instruct-3.html"", ""instructions/instruct-ready.html""], ""action"": ""Begin""}"
debugRCQK74:debugXX1A8H,6,1546906877354,"{""phase"": ""INSTRUCTIONS"", ""indexOf"": 0, ""viewTime"": 1067, ""action"": ""NextPage"", ""template"": ""instructions/instruct-1.html""}"
debugRCQK74:debugXX1A8H,7,1546906881912,"{""phase"": ""INSTRUCTIONS"", ""indexOf"": 1, ""viewTime"": 4557, ""action"": ""NextPage"", ""template"": ""instructions/instruct-2.html""}"
debugRCQK74:debugXX1A8H,8,1546906884201,"{""phase"": ""INSTRUCTIONS"", ""indexOf"": 2, ""viewTime"": 2289, ""action"": ""NextPage"", ""template"": ""instructions/instruct-3.html""}"
debugRCQK74:debugXX1A8H,9,1546906885234,"{""phase"": ""INSTRUCTIONS"", ""indexOf"": 3, ""viewTime"": 1033, ""action"": ""FinishInstructions"", ""template"": ""instructions/instruct-ready.html""}"
debugX7XFE1:debugDTQSYA,0,1546907761865,"{""action"": ""Begin"", ""phase"": ""INSTRUCTIONS"", ""templates"": [""instructions/instruct-1.html"", ""instructions/instruct-2.html"", ""instructions/instruct-3.html"", ""instructions/instruct-ready.html""]}"
debugX7XFE1:debugDTQSYA,1,1546907762667,"{""action"": ""NextPage"", ""indexOf"": 0, ""viewTime"": 799, ""phase"": ""INSTRUCTIONS"", ""template"": ""instructions/instruct-1.html""}"
debugX7XFE1:debugDTQSYA,2,1546907763601,"{""action"": ""NextPage"", ""indexOf"": 1, ""viewTime"": 933, ""phase"": ""INSTRUCTIONS"", ""template"": ""instructions/instruct-2.html""}"
debugX7XFE1:debugDTQSYA,3,1546907763960,"{""action"": ""NextPage"", ""indexOf"": 2, ""viewTime"": 358, ""phase"": ""INSTRUCTIONS"", ""template"": ""instructions/instruct-3.html""}"
debugX7XFE1:debugDTQSYA,4,1546907764809,"{""action"": ""FinishInstructions"", ""indexOf"": 3, ""viewTime"": 848, ""phase"": ""INSTRUCTIONS"", ""template"": ""instructions/instruct-ready.html""}"
debugX7XFE1:debugDTQSYA,5,1546907777368,"{""action"": ""Begin"", ""phase"": ""INSTRUCTIONS"", ""templates"": [""instructions/instruct-1.html"", ""instructions/instruct-2.html"", ""instructions/instruct-3.html"", ""instructions/instruct-ready.html""]}"
debugX7XFE1:debugDTQSYA,6,1546907778065,"{""action"": ""NextPage"", ""indexOf"": 0, ""viewTime"": 697, ""phase"": ""INSTRUCTIONS"", ""template"": ""instructions/instruct-1.html""}"
debugX7XFE1:debugDTQSYA,7,1546907781081,"{""action"": ""NextPage"", ""indexOf"": 1, ""viewTime"": 3014, ""phase"": ""INSTRUCTIONS"", ""template"": ""instructions/instruct-2.html""}"
debugX7XFE1:debugDTQSYA,8,1546907781305,"{""action"": ""NextPage"", ""indexOf"": 2, ""viewTime"": 223, ""phase"": ""INSTRUCTIONS"", ""template"": ""instructions/instruct-3.html""}"
debugX7XFE1:debugDTQSYA,9,1546907782201,"{""action"": ""FinishInstructions"", ""indexOf"": 3, ""viewTime"": 896, ""phase"": ""INSTRUCTIONS"", ""template"": ""instructions/instruct-ready.html""}"
debugX7XFE1:debugDTQSYA,10,1546907803876,"{""action"": ""Begin"", ""phase"": ""INSTRUCTIONS"", ""templates"": [""instructions/instruct-1.html"", ""instructions/instruct-2.html"", ""instructions/instruct-3.html"", ""instructions/instruct-ready.html""]}"
debugX7XFE1:debugDTQSYA,11,1546907804578,"{""action"": ""NextPage"", ""indexOf"": 0, ""viewTime"": 700, ""phase"": ""INSTRUCTIONS"", ""template"": ""instructions/instruct-1.html""}"
debugX7XFE1:debugDTQSYA,12,1546907806618,"{""action"": ""NextPage"", ""indexOf"": 1, ""viewTime"": 2037, ""phase"": ""INSTRUCTIONS"", ""template"": ""instructions/instruct-2.html""}"
debugX7XFE1:debugDTQSYA,13,1546907807392,"{""action"": ""NextPage"", ""indexOf"": 2, ""viewTime"": 774, ""phase"": ""INSTRUCTIONS"", ""template"": ""instructions/instruct-3.html""}"
debugX7XFE1:debugDTQSYA,14,1546907808033,"{""action"": ""FinishInstructions"", ""indexOf"": 3, ""viewTime"": 640, ""phase"": ""INSTRUCTIONS"", ""template"": ""instructions/instruct-ready.html""}"
debugX7XFE1:debugDTQSYA,15,1546908231299,"{""action"": ""Begin"", ""phase"": ""INSTRUCTIONS"", ""templates"": [""instructions/instruct-1.html"", ""instructions/instruct-2.html"", ""instructions/instruct-3.html"", ""instructions/instruct-ready.html""]}"
debugX7XFE1:debugDTQSYA,16,1546908232387,"{""action"": ""NextPage"", ""indexOf"": 0, ""viewTime"": 1087, ""phase"": ""INSTRUCTIONS"", ""template"": ""instructions/instruct-1.html""}"
debugX7XFE1:debugDTQSYA,17,1546908234429,"{""action"": ""NextPage"", ""indexOf"": 1, ""viewTime"": 2041, ""phase"": ""INSTRUCTIONS"", ""template"": ""instructions/instruct-2.html""}"
debugX7XFE1:debugDTQSYA,18,1546908235245,"{""action"": ""NextPage"", ""indexOf"": 2, ""viewTime"": 816, ""phase"": ""INSTRUCTIONS"", ""template"": ""instructions/instruct-3.html""}"
debugX7XFE1:debugDTQSYA,19,1546908235959,"{""action"": ""FinishInstructions"", ""indexOf"": 3, ""viewTime"": 713, ""phase"": ""INSTRUCTIONS"", ""template"": ""instructions/instruct-ready.html""}"
debugX7XFE1:debugDTQSYA,20,1546908239205,"{""action"": ""Begin"", ""phase"": ""INSTRUCTIONS"", ""templates"": [""instructions/instruct-1.html"", ""instructions/instruct-2.html"", ""instructions/instruct-3.html"", ""instructions/instruct-ready.html""]}"
debugX7XFE1:debugDTQSYA,21,1546908240415,"{""action"": ""NextPage"", ""indexOf"": 0, ""viewTime"": 1208, ""phase"": ""INSTRUCTIONS"", ""template"": ""instructions/instruct-1.html""}"
debugX7XFE1:debugDTQSYA,22,1546908242022,"{""action"": ""NextPage"", ""indexOf"": 1, ""viewTime"": 1604, ""phase"": ""INSTRUCTIONS"", ""template"": ""instructions/instruct-2.html""}"
debugX7XFE1:debugDTQSYA,23,1546908242829,"{""action"": ""NextPage"", ""indexOf"": 2, ""viewTime"": 806, ""phase"": ""INSTRUCTIONS"", ""template"": ""instructions/instruct-3.html""}"
debugX7XFE1:debugDTQSYA,24,1546908243551,"{""action"": ""FinishInstructions"", ""indexOf"": 3, ""viewTime"": 720, ""phase"": ""INSTRUCTIONS"", ""template"": ""instructions/instruct-ready.html""}"
debugX7XFE1:debugDTQSYA,25,1546908425960,"{""action"": ""Begin"", ""phase"": ""INSTRUCTIONS"", ""templates"": [""instructions/instruct-1.html"", ""instructions/instruct-2.html"", ""instructions/instruct-3.html"", ""instructions/instruct-ready.html""]}"
debugX7XFE1:debugDTQSYA,26,1546908426633,"{""action"": ""NextPage"", ""indexOf"": 0, ""viewTime"": 671, ""phase"": ""INSTRUCTIONS"", ""template"": ""instructions/instruct-1.html""}"
debugX7XFE1:debugDTQSYA,27,1546908427639,"{""action"": ""NextPage"", ""indexOf"": 1, ""viewTime"": 1005, ""phase"": ""INSTRUCTIONS"", ""template"": ""instructions/instruct-2.html""}"
debugX7XFE1:debugDTQSYA,28,1546908428159,"{""action"": ""NextPage"", ""indexOf"": 2, ""viewTime"": 519, ""phase"": ""INSTRUCTIONS"", ""template"": ""instructions/instruct-3.html""}"
debugX7XFE1:debugDTQSYA,29,1546908428855,"{""action"": ""FinishInstructions"", ""indexOf"": 3, ""viewTime"": 695, ""phase"": ""INSTRUCTIONS"", ""template"": ""instructions/instruct-ready.html""}"
debugX7XFE1:debugDTQSYA,30,1546908477956,"{""action"": ""Begin"", ""phase"": ""INSTRUCTIONS"", ""templates"": [""instructions/instruct-1.html"", ""instructions/instruct-2.html"", ""instructions/instruct-3.html"", ""instructions/instruct-ready.html""]}"
debugX7XFE1:debugDTQSYA,31,1546908478584,"{""action"": ""NextPage"", ""indexOf"": 0, ""viewTime"": 626, ""phase"": ""INSTRUCTIONS"", ""template"": ""instructions/instruct-1.html""}"
debugX7XFE1:debugDTQSYA,32,1546908481655,"{""action"": ""NextPage"", ""indexOf"": 1, ""viewTime"": 3070, ""phase"": ""INSTRUCTIONS"", ""template"": ""instructions/instruct-2.html""}"
debugX7XFE1:debugDTQSYA,33,1546908482446,"{""action"": ""NextPage"", ""indexOf"": 2, ""viewTime"": 789, ""phase"": ""INSTRUCTIONS"", ""template"": ""instructions/instruct-3.html""}"
debugX7XFE1:debugDTQSYA,34,1546908483126,"{""action"": ""FinishInstructions"", ""indexOf"": 3, ""viewTime"": 679, ""phase"": ""INSTRUCTIONS"", ""template"": ""instructions/instruct-ready.html""}"
debugX7XFE1:debugDTQSYA,35,1546908499854,"{""action"": ""Begin"", ""phase"": ""INSTRUCTIONS"", ""templates"": [""instructions/instruct-1.html"", ""instructions/instruct-2.html"", ""instructions/instruct-3.html"", ""instructions/instruct-ready.html""]}"
debugX7XFE1:debugDTQSYA,36,1546908500514,"{""action"": ""NextPage"", ""indexOf"": 0, ""viewTime"": 659, ""phase"": ""INSTRUCTIONS"", ""template"": ""instructions/instruct-1.html""}"
debugX7XFE1:debugDTQSYA,37,1546908502217,"{""action"": ""NextPage"", ""indexOf"": 1, ""viewTime"": 1702, ""phase"": ""INSTRUCTIONS"", ""template"": ""instructions/instruct-2.html""}"
debugX7XFE1:debugDTQSYA,38,1546908503114,"{""action"": ""NextPage"", ""indexOf"": 2, ""viewTime"": 896, ""phase"": ""INSTRUCTIONS"", ""template"": ""instructions/instruct-3.html""}"
debugX7XFE1:debugDTQSYA,39,1546908503777,"{""action"": ""FinishInstructions"", ""indexOf"": 3, ""viewTime"": 662, ""phase"": ""INSTRUCTIONS"", ""template"": ""instructions/instruct-ready.html""}"
debugX7XFE1:debugDTQSYA,40,1546908611233,"{""action"": ""Begin"", ""phase"": ""INSTRUCTIONS"", ""templates"": [""instructions/instruct-1.html"", ""instructions/instruct-2.html"", ""instructions/instruct-3.html"", ""instructions/instruct-ready.html""]}"
debugX7XFE1:debugDTQSYA,41,1546908612318,"{""action"": ""NextPage"", ""indexOf"": 0, ""viewTime"": 1083, ""phase"": ""INSTRUCTIONS"", ""template"": ""instructions/instruct-1.html""}"
debugX7XFE1:debugDTQSYA,42,1546908613427,"{""action"": ""NextPage"", ""indexOf"": 1, ""viewTime"": 1108, ""phase"": ""INSTRUCTIONS"", ""template"": ""instructions/instruct-2.html""}"
debugX7XFE1:debugDTQSYA,43,1546908613787,"{""action"": ""NextPage"", ""indexOf"": 2, ""viewTime"": 359, ""phase"": ""INSTRUCTIONS"", ""template"": ""instructions/instruct-3.html""}"
debugX7XFE1:debugDTQSYA,44,1546908614411,"{""action"": ""FinishInstructions"", ""indexOf"": 3, ""viewTime"": 623, ""phase"": ""INSTRUCTIONS"", ""template"": ""instructions/instruct-ready.html""}"
debugX7XFE1:debugDTQSYA,45,1546908636916,"{""action"": ""Begin"", ""phase"": ""INSTRUCTIONS"", ""templates"": [""instructions/instruct-1.html"", ""instructions/instruct-2.html"", ""instructions/instruct-3.html"", ""instructions/instruct-ready.html""]}"
debugX7XFE1:debugDTQSYA,46,1546908637823,"{""action"": ""NextPage"", ""indexOf"": 0, ""viewTime"": 905, ""phase"": ""INSTRUCTIONS"", ""template"": ""instructions/instruct-1.html""}"
debugX7XFE1:debugDTQSYA,47,1546908638477,"{""action"": ""NextPage"", ""indexOf"": 1, ""viewTime"": 653, ""phase"": ""INSTRUCTIONS"", ""template"": ""instructions/instruct-2.html""}"
debugX7XFE1:debugDTQSYA,48,1546908638852,"{""action"": ""NextPage"", ""indexOf"": 2, ""viewTime"": 375, ""phase"": ""INSTRUCTIONS"", ""template"": ""instructions/instruct-3.html""}"
debugX7XFE1:debugDTQSYA,49,1546908639564,"{""action"": ""FinishInstructions"", ""indexOf"": 3, ""viewTime"": 711, ""phase"": ""INSTRUCTIONS"", ""template"": ""instructions/instruct-ready.html""}"
debugX7XFE1:debugDTQSYA,50,1546908664604,"{""action"": ""Begin"", ""phase"": ""INSTRUCTIONS"", ""templates"": [""instructions/instruct-1.html"", ""instructions/instruct-2.html"", ""instructions/instruct-3.html"", ""instructions/instruct-ready.html""]}"
debugX7XFE1:debugDTQSYA,51,1546908665238,"{""action"": ""NextPage"", ""indexOf"": 0, ""viewTime"": 633, ""phase"": ""INSTRUCTIONS"", ""template"": ""instructions/instruct-1.html""}"
debugX7XFE1:debugDTQSYA,52,1546908666508,"{""action"": ""NextPage"", ""indexOf"": 1, ""viewTime"": 1269, ""phase"": ""INSTRUCTIONS"", ""template"": ""instructions/instruct-2.html""}"
debugX7XFE1:debugDTQSYA,53,1546908666812,"{""action"": ""NextPage"", ""indexOf"": 2, ""viewTime"": 303, ""phase"": ""INSTRUCTIONS"", ""template"": ""instructions/instruct-3.html""}"
debugX7XFE1:debugDTQSYA,54,1546908667492,"{""action"": ""FinishInstructions"", ""indexOf"": 3, ""viewTime"": 679, ""phase"": ""INSTRUCTIONS"", ""template"": ""instructions/instruct-ready.html""}"
debugX7XFE1:debugDTQSYA,55,1546908678868,"{""phase"": ""INSTRUCTIONS"", ""templates"": [""instructions/instruct-1.html"", ""instructions/instruct-2.html"", ""instructions/instruct-3.html"", ""instructions/instruct-ready.html""], ""action"": ""Begin""}"
debugX7XFE1:debugDTQSYA,56,1546908679772,"{""phase"": ""INSTRUCTIONS"", ""indexOf"": 0, ""viewTime"": 903, ""action"": ""NextPage"", ""template"": ""instructions/instruct-1.html""}"
debugX7XFE1:debugDTQSYA,57,1546908680407,"{""phase"": ""INSTRUCTIONS"", ""indexOf"": 1, ""viewTime"": 633, ""action"": ""NextPage"", ""template"": ""instructions/instruct-2.html""}"
debugX7XFE1:debugDTQSYA,58,1546908680839,"{""phase"": ""INSTRUCTIONS"", ""indexOf"": 2, ""viewTime"": 431, ""action"": ""NextPage"", ""template"": ""instructions/instruct-3.html""}"
debugX7XFE1:debugDTQSYA,59,1546908681461,"{""phase"": ""INSTRUCTIONS"", ""indexOf"": 3, ""viewTime"": 622, ""action"": ""FinishInstructions"", ""template"": ""instructions/instruct-ready.html""}"
debugJ8H2G7:debugCB8XG4,0,1546910234411,"{""action"": ""Begin"", ""phase"": ""INSTRUCTIONS"", ""templates"": [""instructions/instruct-1.html"", ""instructions/instruct-2.html"", ""instructions/instruct-3.html"", ""instructions/instruct-ready.html""]}"
debugJ8H2G7:debugCB8XG4,1,1546910237328,"{""action"": ""NextPage"", ""indexOf"": 0, ""viewTime"": 2914, ""phase"": ""INSTRUCTIONS"", ""template"": ""instructions/instruct-1.html""}"
debugJ8H2G7:debugCB8XG4,2,1546910239174,"{""action"": ""NextPage"", ""indexOf"": 1, ""viewTime"": 1845, ""phase"": ""INSTRUCTIONS"", ""template"": ""instructions/instruct-2.html""}"
debugJ8H2G7:debugCB8XG4,3,1546910254230,"{""action"": ""NextPage"", ""indexOf"": 2, ""viewTime"": 15055, ""phase"": ""INSTRUCTIONS"", ""template"": ""instructions/instruct-3.html""}"
debugJ8H2G7:debugCB8XG4,4,1546910255214,"{""action"": ""FinishInstructions"", ""indexOf"": 3, ""viewTime"": 983, ""phase"": ""INSTRUCTIONS"", ""template"": ""instructions/instruct-ready.html""}"
debugJ8H2G7:debugCB8XG4,5,1546910376029,"{""action"": ""Begin"", ""phase"": ""INSTRUCTIONS"", ""templates"": [""instructions/instruct-1.html"", ""instructions/instruct-2.html"", ""instructions/instruct-3.html"", ""instructions/instruct-ready.html""]}"
debugJ8H2G7:debugCB8XG4,6,1546910376682,"{""action"": ""NextPage"", ""indexOf"": 0, ""viewTime"": 650, ""phase"": ""INSTRUCTIONS"", ""template"": ""instructions/instruct-1.html""}"
debugJ8H2G7:debugCB8XG4,7,1546910378225,"{""action"": ""NextPage"", ""indexOf"": 1, ""viewTime"": 1541, ""phase"": ""INSTRUCTIONS"", ""template"": ""instructions/instruct-2.html""}"
debugJ8H2G7:debugCB8XG4,8,1546910379528,"{""action"": ""NextPage"", ""indexOf"": 2, ""viewTime"": 1303, ""phase"": ""INSTRUCTIONS"", ""template"": ""instructions/instruct-3.html""}"
debugJ8H2G7:debugCB8XG4,9,1546910380360,"{""action"": ""FinishInstructions"", ""indexOf"": 3, ""viewTime"": 832, ""phase"": ""INSTRUCTIONS"", ""template"": ""instructions/instruct-ready.html""}"
debugJ8H2G7:debugCB8XG4,10,1546910612603,"{""action"": ""Begin"", ""phase"": ""INSTRUCTIONS"", ""templates"": [""instructions/instruct-1.html"", ""instructions/instruct-2.html"", ""instructions/instruct-3.html"", ""instructions/instruct-ready.html""]}"
debugJ8H2G7:debugCB8XG4,11,1546910613245,"{""action"": ""NextPage"", ""indexOf"": 0, ""viewTime"": 640, ""phase"": ""INSTRUCTIONS"", ""template"": ""instructions/instruct-1.html""}"
debugJ8H2G7:debugCB8XG4,12,1546910614499,"{""action"": ""NextPage"", ""indexOf"": 1, ""viewTime"": 1253, ""phase"": ""INSTRUCTIONS"", ""template"": ""instructions/instruct-2.html""}"
debugJ8H2G7:debugCB8XG4,13,1546910615763,"{""action"": ""NextPage"", ""indexOf"": 2, ""viewTime"": 1263, ""phase"": ""INSTRUCTIONS"", ""template"": ""instructions/instruct-3.html""}"
debugJ8H2G7:debugCB8XG4,14,1546910616531,"{""action"": ""FinishInstructions"", ""indexOf"": 3, ""viewTime"": 767, ""phase"": ""INSTRUCTIONS"", ""template"": ""instructions/instruct-ready.html""}"
debugJ8H2G7:debugCB8XG4,15,1546910658822,{}
debugJ8H2G7:debugCB8XG4,16,1546910658824,"{""phase"": ""postquestionnaire"", ""status"": ""begin""}"
debugJ8H2G7:debugCB8XG4,17,1546910661022,"{""phase"": ""postquestionnaire"", ""status"": ""submit""}"
debugJ8H2G7:debugCB8XG4,18,1546910661453,"{""phase"": ""postquestionnaire"", ""status"": ""submit""}"
debugJ8H2G7:debugCB8XG4,19,1546910661605,"{""phase"": ""postquestionnaire"", ""status"": ""submit""}"
debugJ8H2G7:debugCB8XG4,20,1546910661853,"{""phase"": ""postquestionnaire"", ""status"": ""submit""}"
debugJ8H2G7:debugCB8XG4,21,1546910662020,"{""phase"": ""postquestionnaire"", ""status"": ""submit""}"
debugJ8H2G7:debugCB8XG4,22,1546910662149,"{""phase"": ""postquestionnaire"", ""status"": ""submit""}"
debugJ8H2G7:debugCB8XG4,23,1546910662277,"{""phase"": ""postquestionnaire"", ""status"": ""submit""}"
debugJ8H2G7:debugCB8XG4,24,1546910662428,"{""phase"": ""postquestionnaire"", ""status"": ""submit""}"
debugJ8H2G7:debugCB8XG4,25,1546910662573,"{""phase"": ""postquestionnaire"", ""status"": ""submit""}"
debugJ8H2G7:debugCB8XG4,26,1546910662837,"{""phase"": ""postquestionnaire"", ""status"": ""submit""}"
debugJ8H2G7:debugCB8XG4,27,1546910663013,"{""phase"": ""postquestionnaire"", ""status"": ""submit""}"
debugJ8H2G7:debugCB8XG4,28,1546910663309,"{""phase"": ""postquestionnaire"", ""status"": ""submit""}"
debugJ8H2G7:debugCB8XG4,29,1546910663485,"{""phase"": ""postquestionnaire"", ""status"": ""submit""}"
debugJ8H2G7:debugCB8XG4,30,1546910676936,"{""action"": ""Begin"", ""phase"": ""INSTRUCTIONS"", ""templates"": [""instructions/instruct-1.html"", ""instructions/instruct-2.html"", ""instructions/instruct-3.html"", ""instructions/instruct-ready.html""]}"
debugJ8H2G7:debugCB8XG4,31,1546910677591,"{""action"": ""NextPage"", ""indexOf"": 0, ""viewTime"": 653, ""phase"": ""INSTRUCTIONS"", ""template"": ""instructions/instruct-1.html""}"
debugJ8H2G7:debugCB8XG4,32,1546910694772,"{""action"": ""NextPage"", ""indexOf"": 1, ""viewTime"": 17179, ""phase"": ""INSTRUCTIONS"", ""template"": ""instructions/instruct-2.html""}"
debugJ8H2G7:debugCB8XG4,33,1546910696964,"{""action"": ""NextPage"", ""indexOf"": 2, ""viewTime"": 2190, ""phase"": ""INSTRUCTIONS"", ""template"": ""instructions/instruct-3.html""}"
debugJ8H2G7:debugCB8XG4,34,1546910697900,"{""action"": ""FinishInstructions"", ""indexOf"": 3, ""viewTime"": 935, ""phase"": ""INSTRUCTIONS"", ""template"": ""instructions/instruct-ready.html""}"
debugJ8H2G7:debugCB8XG4,35,1546910739987,"{""phase"": ""INSTRUCTIONS"", ""templates"": [""instructions/instruct-1.html"", ""instructions/instruct-2.html"", ""instructions/instruct-3.html"", ""instructions/instruct-ready.html""], ""action"": ""Begin""}"
debugJ8H2G7:debugCB8XG4,36,1546910740856,"{""phase"": ""INSTRUCTIONS"", ""indexOf"": 0, ""viewTime"": 867, ""action"": ""NextPage"", ""template"": ""instructions/instruct-1.html""}"
debugJ8H2G7:debugCB8XG4,37,1546910742254,"{""phase"": ""INSTRUCTIONS"", ""indexOf"": 1, ""viewTime"": 1396, ""action"": ""NextPage"", ""template"": ""instructions/instruct-2.html""}"
debugJ8H2G7:debugCB8XG4,38,1546910742766,"{""phase"": ""INSTRUCTIONS"", ""indexOf"": 2, ""viewTime"": 510, ""action"": ""NextPage"", ""template"": ""instructions/instruct-3.html""}"
debugJ8H2G7:debugCB8XG4,39,1546910743782,"{""phase"": ""INSTRUCTIONS"", ""indexOf"": 3, ""viewTime"": 1014, ""action"": ""FinishInstructions"", ""template"": ""instructions/instruct-ready.html""}"
debug0LHBU5:debugLV39QB,0,1547141184413,"{""action"": ""Begin"", ""phase"": ""INSTRUCTIONS"", ""templates"": [""instructions/instruct-1.html"", ""instructions/instruct-2.html"", ""instructions/instruct-3.html"", ""instructions/instruct-ready.html""]}"
debug0LHBU5:debugLV39QB,1,1547141187417,"{""action"": ""NextPage"", ""indexOf"": 0, ""viewTime"": 2999, ""phase"": ""INSTRUCTIONS"", ""template"": ""instructions/instruct-1.html""}"
debug0LHBU5:debugLV39QB,2,1547141190676,"{""action"": ""NextPage"", ""indexOf"": 1, ""viewTime"": 3257, ""phase"": ""INSTRUCTIONS"", ""template"": ""instructions/instruct-2.html""}"
debug0LHBU5:debugLV39QB,3,1547141191876,"{""action"": ""NextPage"", ""indexOf"": 2, ""viewTime"": 1198, ""phase"": ""INSTRUCTIONS"", ""template"": ""instructions/instruct-3.html""}"
debug0LHBU5:debugLV39QB,4,1547141193893,"{""action"": ""FinishInstructions"", ""indexOf"": 3, ""viewTime"": 2015, ""phase"": ""INSTRUCTIONS"", ""template"": ""instructions/instruct-ready.html""}"
debug0LHBU5:debugLV39QB,5,1547141221542,[]
debug0LHBU5:debugLV39QB,6,1547141221542,"{""phase"": ""postquestionnaire"", ""status"": ""begin""}"
debug0LHBU5:debugLV39QB,7,1547141224325,"{""phase"": ""postquestionnaire"", ""status"": ""submit""}"
debug0LHBU5:debugLV39QB,8,1547141803381,"{""phase"": ""INSTRUCTIONS"", ""templates"": [""instructions/instruct-1.html"", ""instructions/instruct-2.html"", ""instructions/instruct-3.html"", ""instructions/instruct-ready.html""], ""action"": ""Begin""}"
debug0LHBU5:debugLV39QB,9,1547141805983,"{""phase"": ""INSTRUCTIONS"", ""indexOf"": 0, ""viewTime"": 2597, ""action"": ""NextPage"", ""template"": ""instructions/instruct-1.html""}"
debug0LHBU5:debugLV39QB,10,1547141809373,"{""phase"": ""INSTRUCTIONS"", ""indexOf"": 1, ""viewTime"": 3388, ""action"": ""NextPage"", ""template"": ""instructions/instruct-2.html""}"
debug0LHBU5:debugLV39QB,11,1547141810676,"{""phase"": ""INSTRUCTIONS"", ""indexOf"": 2, ""viewTime"": 1302, ""action"": ""NextPage"", ""template"": ""instructions/instruct-3.html""}"
debug0LHBU5:debugLV39QB,12,1547141811805,"{""phase"": ""INSTRUCTIONS"", ""indexOf"": 3, ""viewTime"": 1128, ""action"": ""FinishInstructions"", ""template"": ""instructions/instruct-ready.html""}"
debug0LHBU5:debugLV39QB,13,1547141890719,[]
debug0LHBU5:debugLV39QB,14,1547141890719,"{""phase"": ""postquestionnaire"", ""status"": ""begin""}"
debug0LHBU5:debugLV39QB,15,1547141893966,"{""phase"": ""postquestionnaire"", ""status"": ""submit""}"
debug0LHBU5:debugLV39QB,16,1547141895722,"{""phase"": ""postquestionnaire"", ""status"": ""begin""}"
debug0LHBU5:debugLV39QB,17,1547142237170,"{""phase"": ""postquestionnaire"", ""status"": ""submit""}"
debug0LHBU5:debugLV39QB,18,1547142237697,"{""phase"": ""postquestionnaire"", ""status"": ""submit""}"
debugMEDSAV:debugTARJZI,0,1547147164495,"{""phase"": ""INSTRUCTIONS"", ""templates"": [""instructions/instruct-1.html"", ""instructions/instruct-2.html"", ""instructions/instruct-3.html"", ""instructions/instruct-ready.html""], ""action"": ""Begin""}"
debugMEDSAV:debugTARJZI,1,1547147166548,"{""phase"": ""INSTRUCTIONS"", ""indexOf"": 0, ""viewTime"": 2048, ""action"": ""NextPage"", ""template"": ""instructions/instruct-1.html""}"
debugMEDSAV:debugTARJZI,2,1547147168264,"{""phase"": ""INSTRUCTIONS"", ""indexOf"": 1, ""viewTime"": 1712, ""action"": ""NextPage"", ""template"": ""instructions/instruct-2.html""}"
debugMEDSAV:debugTARJZI,3,1547147169146,"{""phase"": ""INSTRUCTIONS"", ""indexOf"": 2, ""viewTime"": 879, ""action"": ""NextPage"", ""template"": ""instructions/instruct-3.html""}"
debugMEDSAV:debugTARJZI,4,1547147169938,"{""phase"": ""INSTRUCTIONS"", ""indexOf"": 3, ""viewTime"": 791, ""action"": ""FinishInstructions"", ""template"": ""instructions/instruct-ready.html""}"
debugBX688M:debugFKV0PH,0,1547702318491,"{""action"": ""Begin"", ""phase"": ""INSTRUCTIONS"", ""templates"": [""instructions/instruct-1.html"", ""instructions/instruct-2.html"", ""instructions/instruct-3.html"", ""instructions/instruct-ready.html""]}"
debugBX688M:debugFKV0PH,1,1547702321964,"{""action"": ""NextPage"", ""indexOf"": 0, ""viewTime"": 3469, ""phase"": ""INSTRUCTIONS"", ""template"": ""instructions/instruct-1.html""}"
debugBX688M:debugFKV0PH,2,1547702329979,"{""action"": ""NextPage"", ""indexOf"": 1, ""viewTime"": 8013, ""phase"": ""INSTRUCTIONS"", ""template"": ""instructions/instruct-2.html""}"
debugBX688M:debugFKV0PH,3,1547702331809,"{""action"": ""NextPage"", ""indexOf"": 2, ""viewTime"": 1829, ""phase"": ""INSTRUCTIONS"", ""template"": ""instructions/instruct-3.html""}"
debugBX688M:debugFKV0PH,4,1547702332959,"{""action"": ""FinishInstructions"", ""indexOf"": 3, ""viewTime"": 1148, ""phase"": ""INSTRUCTIONS"", ""template"": ""instructions/instruct-ready.html""}"
debugBX688M:debugFKV0PH,5,1547702343274,[]
debugBX688M:debugFKV0PH,6,1547702343275,"{""phase"": ""postquestionnaire"", ""status"": ""begin""}"
debugBX688M:debugFKV0PH,7,1547702344756,"{""phase"": ""postquestionnaire"", ""status"": ""submit""}"
debugBX688M:debugFKV0PH,8,1547703526577,"{""action"": ""Begin"", ""phase"": ""INSTRUCTIONS"", ""templates"": [""instructions/instruct-1.html"", ""instructions/instruct-2.html"", ""instructions/instruct-3.html"", ""instructions/instruct-ready.html""]}"
debugBX688M:debugFKV0PH,9,1547703530065,"{""action"": ""NextPage"", ""indexOf"": 0, ""viewTime"": 3481, ""phase"": ""INSTRUCTIONS"", ""template"": ""instructions/instruct-1.html""}"
debugBX688M:debugFKV0PH,10,1547703531899,"{""action"": ""NextPage"", ""indexOf"": 1, ""viewTime"": 1831, ""phase"": ""INSTRUCTIONS"", ""template"": ""instructions/instruct-2.html""}"
debugBX688M:debugFKV0PH,11,1547703532685,"{""action"": ""NextPage"", ""indexOf"": 2, ""viewTime"": 785, ""phase"": ""INSTRUCTIONS"", ""template"": ""instructions/instruct-3.html""}"
debugBX688M:debugFKV0PH,12,1547703536132,"{""action"": ""FinishInstructions"", ""indexOf"": 3, ""viewTime"": 3446, ""phase"": ""INSTRUCTIONS"", ""template"": ""instructions/instruct-ready.html""}"
debugBX688M:debugFKV0PH,13,1547703966727,"{""action"": ""Begin"", ""phase"": ""INSTRUCTIONS"", ""templates"": [""instructions/instruct-1.html"", ""instructions/instruct-2.html"", ""instructions/instruct-3.html"", ""instructions/instruct-ready.html""]}"
debugBX688M:debugFKV0PH,14,1547703967987,"{""action"": ""NextPage"", ""indexOf"": 0, ""viewTime"": 1256, ""phase"": ""INSTRUCTIONS"", ""template"": ""instructions/instruct-1.html""}"
debugBX688M:debugFKV0PH,15,1547703968937,"{""action"": ""NextPage"", ""indexOf"": 1, ""viewTime"": 948, ""phase"": ""INSTRUCTIONS"", ""template"": ""instructions/instruct-2.html""}"
debugBX688M:debugFKV0PH,16,1547703969532,"{""action"": ""NextPage"", ""indexOf"": 2, ""viewTime"": 593, ""phase"": ""INSTRUCTIONS"", ""template"": ""instructions/instruct-3.html""}"
debugBX688M:debugFKV0PH,17,1547703971970,"{""action"": ""FinishInstructions"", ""indexOf"": 3, ""viewTime"": 2437, ""phase"": ""INSTRUCTIONS"", ""template"": ""instructions/instruct-ready.html""}"
debugBX688M:debugFKV0PH,18,1547704075025,"{""phase"": ""INSTRUCTIONS"", ""templates"": [""instructions/instruct-1.html"", ""instructions/instruct-2.html"", ""instructions/instruct-3.html"", ""instructions/instruct-ready.html""], ""action"": ""Begin""}"
debugBX688M:debugFKV0PH,19,1547704076922,"{""phase"": ""INSTRUCTIONS"", ""indexOf"": 0, ""viewTime"": 1894, ""action"": ""NextPage"", ""template"": ""instructions/instruct-1.html""}"
debugBX688M:debugFKV0PH,20,1547704078206,"{""phase"": ""INSTRUCTIONS"", ""indexOf"": 1, ""viewTime"": 1282, ""action"": ""NextPage"", ""template"": ""instructions/instruct-2.html""}"
debugBX688M:debugFKV0PH,21,1547704079323,"{""phase"": ""INSTRUCTIONS"", ""indexOf"": 2, ""viewTime"": 1116, ""action"": ""NextPage"", ""template"": ""instructions/instruct-3.html""}"
debugBX688M:debugFKV0PH,22,1547704081711,"{""phase"": ""INSTRUCTIONS"", ""indexOf"": 3, ""viewTime"": 2387, ""action"": ""FinishInstructions"", ""template"": ""instructions/instruct-ready.html""}"
debug78TAPC:debugYNAOCY,0,1547704650765,"{""action"": ""Begin"", ""phase"": ""INSTRUCTIONS"", ""templates"": [""instructions/instruct-1.html"", ""instructions/instruct-2.html"", ""instructions/instruct-3.html"", ""instructions/instruct-ready.html""]}"
debug78TAPC:debugYNAOCY,1,1547704653249,"{""action"": ""NextPage"", ""indexOf"": 0, ""viewTime"": 2476, ""phase"": ""INSTRUCTIONS"", ""template"": ""instructions/instruct-1.html""}"
debug78TAPC:debugYNAOCY,2,1547704654609,"{""action"": ""NextPage"", ""indexOf"": 1, ""viewTime"": 1358, ""phase"": ""INSTRUCTIONS"", ""template"": ""instructions/instruct-2.html""}"
debug78TAPC:debugYNAOCY,3,1547704655566,"{""action"": ""NextPage"", ""indexOf"": 2, ""viewTime"": 956, ""phase"": ""INSTRUCTIONS"", ""template"": ""instructions/instruct-3.html""}"
debug78TAPC:debugYNAOCY,4,1547704656588,"{""action"": ""FinishInstructions"", ""indexOf"": 3, ""viewTime"": 1022, ""phase"": ""INSTRUCTIONS"", ""template"": ""instructions/instruct-ready.html""}"
debug78TAPC:debugYNAOCY,5,1547704668632,"{""action"": ""Begin"", ""phase"": ""INSTRUCTIONS"", ""templates"": [""instructions/instruct-1.html"", ""instructions/instruct-2.html"", ""instructions/instruct-3.html"", ""instructions/instruct-ready.html""]}"
debug78TAPC:debugYNAOCY,6,1547704674845,"{""action"": ""NextPage"", ""indexOf"": 0, ""viewTime"": 6208, ""phase"": ""INSTRUCTIONS"", ""template"": ""instructions/instruct-1.html""}"
debug78TAPC:debugYNAOCY,7,1547704720898,"{""action"": ""NextPage"", ""indexOf"": 1, ""viewTime"": 46052, ""phase"": ""INSTRUCTIONS"", ""template"": ""instructions/instruct-2.html""}"
debug78TAPC:debugYNAOCY,8,1547704721923,"{""action"": ""NextPage"", ""indexOf"": 2, ""viewTime"": 1023, ""phase"": ""INSTRUCTIONS"", ""template"": ""instructions/instruct-3.html""}"
debug78TAPC:debugYNAOCY,9,1547704722941,"{""action"": ""FinishInstructions"", ""indexOf"": 3, ""viewTime"": 1016, ""phase"": ""INSTRUCTIONS"", ""template"": ""instructions/instruct-ready.html""}"
debug78TAPC:debugYNAOCY,10,1547705856072,"{""action"": ""Begin"", ""phase"": ""INSTRUCTIONS"", ""templates"": [""instructions/instruct-1.html"", ""instructions/instruct-2.html"", ""instructions/instruct-3.html"", ""instructions/instruct-ready.html""]}"
debug78TAPC:debugYNAOCY,11,1547705857096,"{""action"": ""NextPage"", ""indexOf"": 0, ""viewTime"": 1019, ""phase"": ""INSTRUCTIONS"", ""template"": ""instructions/instruct-1.html""}"
debug78TAPC:debugYNAOCY,12,1547705857844,"{""action"": ""NextPage"", ""indexOf"": 1, ""viewTime"": 746, ""phase"": ""INSTRUCTIONS"", ""template"": ""instructions/instruct-2.html""}"
debug78TAPC:debugYNAOCY,13,1547705859172,"{""action"": ""NextPage"", ""indexOf"": 2, ""viewTime"": 1327, ""phase"": ""INSTRUCTIONS"", ""template"": ""instructions/instruct-3.html""}"
debug78TAPC:debugYNAOCY,14,1547705860222,"{""action"": ""FinishInstructions"", ""indexOf"": 3, ""viewTime"": 1049, ""phase"": ""INSTRUCTIONS"", ""template"": ""instructions/instruct-ready.html""}"
debug78TAPC:debugYNAOCY,15,1547705987936,"{""action"": ""Begin"", ""phase"": ""INSTRUCTIONS"", ""templates"": [""instructions/instruct-1.html"", ""instructions/instruct-2.html"", ""instructions/instruct-3.html"", ""instructions/instruct-ready.html""]}"
debug78TAPC:debugYNAOCY,16,1547705988968,"{""action"": ""NextPage"", ""indexOf"": 0, ""viewTime"": 1027, ""phase"": ""INSTRUCTIONS"", ""template"": ""instructions/instruct-1.html""}"
debug78TAPC:debugYNAOCY,17,1547705989609,"{""action"": ""NextPage"", ""indexOf"": 1, ""viewTime"": 638, ""phase"": ""INSTRUCTIONS"", ""template"": ""instructions/instruct-2.html""}"
debug78TAPC:debugYNAOCY,18,1547705990193,"{""action"": ""NextPage"", ""indexOf"": 2, ""viewTime"": 583, ""phase"": ""INSTRUCTIONS"", ""template"": ""instructions/instruct-3.html""}"
debug78TAPC:debugYNAOCY,19,1547705990917,"{""action"": ""FinishInstructions"", ""indexOf"": 3, ""viewTime"": 722, ""phase"": ""INSTRUCTIONS"", ""template"": ""instructions/instruct-ready.html""}"
debug78TAPC:debugYNAOCY,20,1547706132052,"{""action"": ""Begin"", ""phase"": ""INSTRUCTIONS"", ""templates"": [""instructions/instruct-1.html"", ""instructions/instruct-2.html"", ""instructions/instruct-3.html"", ""instructions/instruct-ready.html""]}"
debug78TAPC:debugYNAOCY,21,1547706133159,"{""action"": ""NextPage"", ""indexOf"": 0, ""viewTime"": 1103, ""phase"": ""INSTRUCTIONS"", ""template"": ""instructions/instruct-1.html""}"
debug78TAPC:debugYNAOCY,22,1547706134041,"{""action"": ""NextPage"", ""indexOf"": 1, ""viewTime"": 877, ""phase"": ""INSTRUCTIONS"", ""template"": ""instructions/instruct-2.html""}"
debug78TAPC:debugYNAOCY,23,1547706134625,"{""action"": ""NextPage"", ""indexOf"": 2, ""viewTime"": 582, ""phase"": ""INSTRUCTIONS"", ""template"": ""instructions/instruct-3.html""}"
debug78TAPC:debugYNAOCY,24,1547706135604,"{""action"": ""FinishInstructions"", ""indexOf"": 3, ""viewTime"": 977, ""phase"": ""INSTRUCTIONS"", ""template"": ""instructions/instruct-ready.html""}"
debug78TAPC:debugYNAOCY,25,1547706168747,"{""action"": ""Begin"", ""phase"": ""INSTRUCTIONS"", ""templates"": [""instructions/instruct-1.html"", ""instructions/instruct-2.html"", ""instructions/instruct-3.html"", ""instructions/instruct-ready.html""]}"
debug78TAPC:debugYNAOCY,26,1547706169518,"{""action"": ""NextPage"", ""indexOf"": 0, ""viewTime"": 762, ""phase"": ""INSTRUCTIONS"", ""template"": ""instructions/instruct-1.html""}"
debug78TAPC:debugYNAOCY,27,1547706170182,"{""action"": ""NextPage"", ""indexOf"": 1, ""viewTime"": 662, ""phase"": ""INSTRUCTIONS"", ""template"": ""instructions/instruct-2.html""}"
debug78TAPC:debugYNAOCY,28,1547706170809,"{""action"": ""NextPage"", ""indexOf"": 2, ""viewTime"": 626, ""phase"": ""INSTRUCTIONS"", ""template"": ""instructions/instruct-3.html""}"
debug78TAPC:debugYNAOCY,29,1547706171961,"{""action"": ""FinishInstructions"", ""indexOf"": 3, ""viewTime"": 1152, ""phase"": ""INSTRUCTIONS"", ""template"": ""instructions/instruct-ready.html""}"
debug78TAPC:debugYNAOCY,30,1547706240240,"{""action"": ""Begin"", ""phase"": ""INSTRUCTIONS"", ""templates"": [""instructions/instruct-1.html"", ""instructions/instruct-2.html"", ""instructions/instruct-3.html"", ""instructions/instruct-ready.html""]}"
debug78TAPC:debugYNAOCY,31,1547706241315,"{""action"": ""NextPage"", ""indexOf"": 0, ""viewTime"": 1072, ""phase"": ""INSTRUCTIONS"", ""template"": ""instructions/instruct-1.html""}"
debug78TAPC:debugYNAOCY,32,1547706242278,"{""action"": ""NextPage"", ""indexOf"": 1, ""viewTime"": 960, ""phase"": ""INSTRUCTIONS"", ""template"": ""instructions/instruct-2.html""}"
debug78TAPC:debugYNAOCY,33,1547706242918,"{""action"": ""NextPage"", ""indexOf"": 2, ""viewTime"": 639, ""phase"": ""INSTRUCTIONS"", ""template"": ""instructions/instruct-3.html""}"
debug78TAPC:debugYNAOCY,34,1547706243888,"{""action"": ""FinishInstructions"", ""indexOf"": 3, ""viewTime"": 969, ""phase"": ""INSTRUCTIONS"", ""template"": ""instructions/instruct-ready.html""}"
debug78TAPC:debugYNAOCY,35,1547706336309,"{""action"": ""Begin"", ""phase"": ""INSTRUCTIONS"", ""templates"": [""instructions/instruct-1.html"", ""instructions/instruct-2.html"", ""instructions/instruct-3.html"", ""instructions/instruct-ready.html""]}"
debug78TAPC:debugYNAOCY,36,1547706337366,"{""action"": ""NextPage"", ""indexOf"": 0, ""viewTime"": 1051, ""phase"": ""INSTRUCTIONS"", ""template"": ""instructions/instruct-1.html""}"
debug78TAPC:debugYNAOCY,37,1547706337980,"{""action"": ""NextPage"", ""indexOf"": 1, ""viewTime"": 612, ""phase"": ""INSTRUCTIONS"", ""template"": ""instructions/instruct-2.html""}"
debug78TAPC:debugYNAOCY,38,1547706338751,"{""action"": ""NextPage"", ""indexOf"": 2, ""viewTime"": 769, ""phase"": ""INSTRUCTIONS"", ""template"": ""instructions/instruct-3.html""}"
debug78TAPC:debugYNAOCY,39,1547706339701,"{""action"": ""FinishInstructions"", ""indexOf"": 3, ""viewTime"": 949, ""phase"": ""INSTRUCTIONS"", ""template"": ""instructions/instruct-ready.html""}"
debug78TAPC:debugYNAOCY,40,1547706418278,"{""action"": ""Begin"", ""phase"": ""INSTRUCTIONS"", ""templates"": [""instructions/instruct-1.html"", ""instructions/instruct-2.html"", ""instructions/instruct-3.html"", ""instructions/instruct-ready.html""]}"
debug78TAPC:debugYNAOCY,41,1547706419375,"{""action"": ""NextPage"", ""indexOf"": 0, ""viewTime"": 1093, ""phase"": ""INSTRUCTIONS"", ""template"": ""instructions/instruct-1.html""}"
debug78TAPC:debugYNAOCY,42,1547706420493,"{""action"": ""NextPage"", ""indexOf"": 1, ""viewTime"": 1116, ""phase"": ""INSTRUCTIONS"", ""template"": ""instructions/instruct-2.html""}"
debug78TAPC:debugYNAOCY,43,1547706421301,"{""action"": ""NextPage"", ""indexOf"": 2, ""viewTime"": 806, ""phase"": ""INSTRUCTIONS"", ""template"": ""instructions/instruct-3.html""}"
debug78TAPC:debugYNAOCY,44,1547706422551,"{""action"": ""FinishInstructions"", ""indexOf"": 3, ""viewTime"": 1249, ""phase"": ""INSTRUCTIONS"", ""template"": ""instructions/instruct-ready.html""}"
debug78TAPC:debugYNAOCY,45,1547706487708,"{""action"": ""Begin"", ""phase"": ""INSTRUCTIONS"", ""templates"": [""instructions/instruct-1.html"", ""instructions/instruct-2.html"", ""instructions/instruct-3.html"", ""instructions/instruct-ready.html""]}"
debug78TAPC:debugYNAOCY,46,1547706488653,"{""action"": ""NextPage"", ""indexOf"": 0, ""viewTime"": 941, ""phase"": ""INSTRUCTIONS"", ""template"": ""instructions/instruct-1.html""}"
debug78TAPC:debugYNAOCY,47,1547706489154,"{""action"": ""NextPage"", ""indexOf"": 1, ""viewTime"": 500, ""phase"": ""INSTRUCTIONS"", ""template"": ""instructions/instruct-2.html""}"
debug78TAPC:debugYNAOCY,48,1547706489706,"{""action"": ""NextPage"", ""indexOf"": 2, ""viewTime"": 551, ""phase"": ""INSTRUCTIONS"", ""template"": ""instructions/instruct-3.html""}"
debug78TAPC:debugYNAOCY,49,1547706490651,"{""action"": ""FinishInstructions"", ""indexOf"": 3, ""viewTime"": 943, ""phase"": ""INSTRUCTIONS"", ""template"": ""instructions/instruct-ready.html""}"
debug78TAPC:debugYNAOCY,50,1547706780172,"{""action"": ""Begin"", ""phase"": ""INSTRUCTIONS"", ""templates"": [""instructions/instruct-1.html"", ""instructions/instruct-2.html"", ""instructions/instruct-3.html"", ""instructions/instruct-ready.html""]}"
debug78TAPC:debugYNAOCY,51,1547706781396,"{""action"": ""NextPage"", ""indexOf"": 0, ""viewTime"": 1220, ""phase"": ""INSTRUCTIONS"", ""template"": ""instructions/instruct-1.html""}"
debug78TAPC:debugYNAOCY,52,1547706782225,"{""action"": ""NextPage"", ""indexOf"": 1, ""viewTime"": 827, ""phase"": ""INSTRUCTIONS"", ""template"": ""instructions/instruct-2.html""}"
debug78TAPC:debugYNAOCY,53,1547706782816,"{""action"": ""NextPage"", ""indexOf"": 2, ""viewTime"": 590, ""phase"": ""INSTRUCTIONS"", ""template"": ""instructions/instruct-3.html""}"
debug78TAPC:debugYNAOCY,54,1547706783978,"{""action"": ""FinishInstructions"", ""indexOf"": 3, ""viewTime"": 1162, ""phase"": ""INSTRUCTIONS"", ""template"": ""instructions/instruct-ready.html""}"
debug78TAPC:debugYNAOCY,55,1547706902260,"{""action"": ""Begin"", ""phase"": ""INSTRUCTIONS"", ""templates"": [""instructions/instruct-1.html"", ""instructions/instruct-2.html"", ""instructions/instruct-3.html"", ""instructions/instruct-ready.html""]}"
debug78TAPC:debugYNAOCY,56,1547706903367,"{""action"": ""NextPage"", ""indexOf"": 0, ""viewTime"": 1103, ""phase"": ""INSTRUCTIONS"", ""template"": ""instructions/instruct-1.html""}"
debug78TAPC:debugYNAOCY,57,1547706904230,"{""action"": ""NextPage"", ""indexOf"": 1, ""viewTime"": 861, ""phase"": ""INSTRUCTIONS"", ""template"": ""instructions/instruct-2.html""}"
debug78TAPC:debugYNAOCY,58,1547706905096,"{""action"": ""NextPage"", ""indexOf"": 2, ""viewTime"": 865, ""phase"": ""INSTRUCTIONS"", ""template"": ""instructions/instruct-3.html""}"
debug78TAPC:debugYNAOCY,59,1547706906106,"{""action"": ""FinishInstructions"", ""indexOf"": 3, ""viewTime"": 1008, ""phase"": ""INSTRUCTIONS"", ""template"": ""instructions/instruct-ready.html""}"
debug78TAPC:debugYNAOCY,60,1547707067077,"{""action"": ""Begin"", ""phase"": ""INSTRUCTIONS"", ""templates"": [""instructions/instruct-1.html"", ""instructions/instruct-2.html"", ""instructions/instruct-3.html"", ""instructions/instruct-ready.html""]}"
debug78TAPC:debugYNAOCY,61,1547707068402,"{""action"": ""NextPage"", ""indexOf"": 0, ""viewTime"": 1298, ""phase"": ""INSTRUCTIONS"", ""template"": ""instructions/instruct-1.html""}"
debug78TAPC:debugYNAOCY,62,1547707068908,"{""action"": ""NextPage"", ""indexOf"": 1, ""viewTime"": 504, ""phase"": ""INSTRUCTIONS"", ""template"": ""instructions/instruct-2.html""}"
debug78TAPC:debugYNAOCY,63,1547707069540,"{""action"": ""NextPage"", ""indexOf"": 2, ""viewTime"": 631, ""phase"": ""INSTRUCTIONS"", ""template"": ""instructions/instruct-3.html""}"
debug78TAPC:debugYNAOCY,64,1547707070254,"{""action"": ""FinishInstructions"", ""indexOf"": 3, ""viewTime"": 713, ""phase"": ""INSTRUCTIONS"", ""template"": ""instructions/instruct-ready.html""}"
debug78TAPC:debugYNAOCY,65,1547707091178,"{""action"": ""Begin"", ""phase"": ""INSTRUCTIONS"", ""templates"": [""instructions/instruct-1.html"", ""instructions/instruct-2.html"", ""instructions/instruct-3.html"", ""instructions/instruct-ready.html""]}"
debug78TAPC:debugYNAOCY,66,1547707092089,"{""action"": ""NextPage"", ""indexOf"": 0, ""viewTime"": 906, ""phase"": ""INSTRUCTIONS"", ""template"": ""instructions/instruct-1.html""}"
debug78TAPC:debugYNAOCY,67,1547707093424,"{""action"": ""NextPage"", ""indexOf"": 1, ""viewTime"": 1333, ""phase"": ""INSTRUCTIONS"", ""template"": ""instructions/instruct-2.html""}"
debug78TAPC:debugYNAOCY,68,1547707094856,"{""action"": ""NextPage"", ""indexOf"": 2, ""viewTime"": 1431, ""phase"": ""INSTRUCTIONS"", ""template"": ""instructions/instruct-3.html""}"
debug78TAPC:debugYNAOCY,69,1547707095777,"{""action"": ""FinishInstructions"", ""indexOf"": 3, ""viewTime"": 920, ""phase"": ""INSTRUCTIONS"", ""template"": ""instructions/instruct-ready.html""}"
debug78TAPC:debugYNAOCY,70,1547707329687,"{""action"": ""Begin"", ""phase"": ""INSTRUCTIONS"", ""templates"": [""instructions/instruct-1.html"", ""instructions/instruct-2.html"", ""instructions/instruct-3.html"", ""instructions/instruct-ready.html""]}"
debug78TAPC:debugYNAOCY,71,1547707330918,"{""action"": ""NextPage"", ""indexOf"": 0, ""viewTime"": 1226, ""phase"": ""INSTRUCTIONS"", ""template"": ""instructions/instruct-1.html""}"
debug78TAPC:debugYNAOCY,72,1547707332212,"{""action"": ""NextPage"", ""indexOf"": 1, ""viewTime"": 1290, ""phase"": ""INSTRUCTIONS"", ""template"": ""instructions/instruct-2.html""}"
debug78TAPC:debugYNAOCY,73,1547707333499,"{""action"": ""NextPage"", ""indexOf"": 2, ""viewTime"": 1285, ""phase"": ""INSTRUCTIONS"", ""template"": ""instructions/instruct-3.html""}"
debug78TAPC:debugYNAOCY,74,1547707334575,"{""action"": ""FinishInstructions"", ""indexOf"": 3, ""viewTime"": 1075, ""phase"": ""INSTRUCTIONS"", ""template"": ""instructions/instruct-ready.html""}"
debug78TAPC:debugYNAOCY,75,1547707343030,"{""action"": ""Begin"", ""phase"": ""INSTRUCTIONS"", ""templates"": [""instructions/instruct-1.html"", ""instructions/instruct-2.html"", ""instructions/instruct-3.html"", ""instructions/instruct-ready.html""]}"
debug78TAPC:debugYNAOCY,76,1547707344362,"{""action"": ""NextPage"", ""indexOf"": 0, ""viewTime"": 1325, ""phase"": ""INSTRUCTIONS"", ""template"": ""instructions/instruct-1.html""}"
debug78TAPC:debugYNAOCY,77,1547707345645,"{""action"": ""NextPage"", ""indexOf"": 1, ""viewTime"": 1281, ""phase"": ""INSTRUCTIONS"", ""template"": ""instructions/instruct-2.html""}"
debug78TAPC:debugYNAOCY,78,1547707346780,"{""action"": ""NextPage"", ""indexOf"": 2, ""viewTime"": 1133, ""phase"": ""INSTRUCTIONS"", ""template"": ""instructions/instruct-3.html""}"
debug78TAPC:debugYNAOCY,79,1547707347684,"{""action"": ""FinishInstructions"", ""indexOf"": 3, ""viewTime"": 902, ""phase"": ""INSTRUCTIONS"", ""template"": ""instructions/instruct-ready.html""}"
debug78TAPC:debugYNAOCY,80,1547707424241,"{""action"": ""Begin"", ""phase"": ""INSTRUCTIONS"", ""templates"": [""instructions/instruct-1.html"", ""instructions/instruct-2.html"", ""instructions/instruct-3.html"", ""instructions/instruct-ready.html""]}"
debug78TAPC:debugYNAOCY,81,1547707425116,"{""action"": ""NextPage"", ""indexOf"": 0, ""viewTime"": 867, ""phase"": ""INSTRUCTIONS"", ""template"": ""instructions/instruct-1.html""}"
debug78TAPC:debugYNAOCY,82,1547707426282,"{""action"": ""NextPage"", ""indexOf"": 1, ""viewTime"": 1162, ""phase"": ""INSTRUCTIONS"", ""template"": ""instructions/instruct-2.html""}"
debug78TAPC:debugYNAOCY,83,1547707427435,"{""action"": ""NextPage"", ""indexOf"": 2, ""viewTime"": 1150, ""phase"": ""INSTRUCTIONS"", ""template"": ""instructions/instruct-3.html""}"
debug78TAPC:debugYNAOCY,84,1547707428235,"{""action"": ""FinishInstructions"", ""indexOf"": 3, ""viewTime"": 799, ""phase"": ""INSTRUCTIONS"", ""template"": ""instructions/instruct-ready.html""}"
debug78TAPC:debugYNAOCY,85,1547707598534,"{""action"": ""Begin"", ""phase"": ""INSTRUCTIONS"", ""templates"": [""instructions/instruct-1.html"", ""instructions/instruct-2.html"", ""instructions/instruct-3.html"", ""instructions/instruct-ready.html""]}"
debug78TAPC:debugYNAOCY,86,1547707599806,"{""action"": ""NextPage"", ""indexOf"": 0, ""viewTime"": 1266, ""phase"": ""INSTRUCTIONS"", ""template"": ""instructions/instruct-1.html""}"
debug78TAPC:debugYNAOCY,87,1547707601029,"{""action"": ""NextPage"", ""indexOf"": 1, ""viewTime"": 1221, ""phase"": ""INSTRUCTIONS"", ""template"": ""instructions/instruct-2.html""}"
debug78TAPC:debugYNAOCY,88,1547707601687,"{""action"": ""NextPage"", ""indexOf"": 2, ""viewTime"": 657, ""phase"": ""INSTRUCTIONS"", ""template"": ""instructions/instruct-3.html""}"
debug78TAPC:debugYNAOCY,89,1547707602654,"{""action"": ""FinishInstructions"", ""indexOf"": 3, ""viewTime"": 966, ""phase"": ""INSTRUCTIONS"", ""template"": ""instructions/instruct-ready.html""}"
debug78TAPC:debugYNAOCY,90,1547708152820,"{""action"": ""Begin"", ""phase"": ""INSTRUCTIONS"", ""templates"": [""instructions/instruct-1.html"", ""instructions/instruct-2.html"", ""instructions/instruct-3.html"", ""instructions/instruct-ready.html""]}"
debug78TAPC:debugYNAOCY,91,1547708153735,"{""action"": ""NextPage"", ""indexOf"": 0, ""viewTime"": 912, ""phase"": ""INSTRUCTIONS"", ""template"": ""instructions/instruct-1.html""}"
debug78TAPC:debugYNAOCY,92,1547708155083,"{""action"": ""NextPage"", ""indexOf"": 1, ""viewTime"": 1346, ""phase"": ""INSTRUCTIONS"", ""template"": ""instructions/instruct-2.html""}"
debug78TAPC:debugYNAOCY,93,1547708156282,"{""action"": ""NextPage"", ""indexOf"": 2, ""viewTime"": 1198, ""phase"": ""INSTRUCTIONS"", ""template"": ""instructions/instruct-3.html""}"
debug78TAPC:debugYNAOCY,94,1547708157485,"{""action"": ""FinishInstructions"", ""indexOf"": 3, ""viewTime"": 1202, ""phase"": ""INSTRUCTIONS"", ""template"": ""instructions/instruct-ready.html""}"
debug78TAPC:debugYNAOCY,95,1547708197986,"{""action"": ""Begin"", ""phase"": ""INSTRUCTIONS"", ""templates"": [""instructions/instruct-1.html"", ""instructions/instruct-2.html"", ""instructions/instruct-3.html"", ""instructions/instruct-ready.html""]}"
debug78TAPC:debugYNAOCY,96,1547708199216,"{""action"": ""NextPage"", ""indexOf"": 0, ""viewTime"": 1196, ""phase"": ""INSTRUCTIONS"", ""template"": ""instructions/instruct-1.html""}"
debug78TAPC:debugYNAOCY,97,1547708202349,"{""action"": ""NextPage"", ""indexOf"": 1, ""viewTime"": 3132, ""phase"": ""INSTRUCTIONS"", ""template"": ""instructions/instruct-2.html""}"
debug78TAPC:debugYNAOCY,98,1547708203285,"{""action"": ""NextPage"", ""indexOf"": 2, ""viewTime"": 934, ""phase"": ""INSTRUCTIONS"", ""template"": ""instructions/instruct-3.html""}"
debug78TAPC:debugYNAOCY,99,1547708204876,"{""action"": ""FinishInstructions"", ""indexOf"": 3, ""viewTime"": 1590, ""phase"": ""INSTRUCTIONS"", ""template"": ""instructions/instruct-ready.html""}"
debug78TAPC:debugYNAOCY,100,1547708249876,"{""action"": ""Begin"", ""phase"": ""INSTRUCTIONS"", ""templates"": [""instructions/instruct-1.html"", ""instructions/instruct-2.html"", ""instructions/instruct-3.html"", ""instructions/instruct-ready.html""]}"
debug78TAPC:debugYNAOCY,101,1547708250791,"{""action"": ""NextPage"", ""indexOf"": 0, ""viewTime"": 912, ""phase"": ""INSTRUCTIONS"", ""template"": ""instructions/instruct-1.html""}"
debug78TAPC:debugYNAOCY,102,1547708252023,"{""action"": ""NextPage"", ""indexOf"": 1, ""viewTime"": 1230, ""phase"": ""INSTRUCTIONS"", ""template"": ""instructions/instruct-2.html""}"
debug78TAPC:debugYNAOCY,103,1547708252643,"{""action"": ""NextPage"", ""indexOf"": 2, ""viewTime"": 618, ""phase"": ""INSTRUCTIONS"", ""template"": ""instructions/instruct-3.html""}"
debug78TAPC:debugYNAOCY,104,1547708253586,"{""action"": ""FinishInstructions"", ""indexOf"": 3, ""viewTime"": 942, ""phase"": ""INSTRUCTIONS"", ""template"": ""instructions/instruct-ready.html""}"
debug78TAPC:debugYNAOCY,105,1547708278850,[]
debug78TAPC:debugYNAOCY,106,1547708278851,"{""phase"": ""postquestionnaire"", ""status"": ""begin""}"
debug78TAPC:debugYNAOCY,107,1547708279932,"{""phase"": ""postquestionnaire"", ""status"": ""submit""}"
debug78TAPC:debugYNAOCY,108,1547708297063,"{""action"": ""Begin"", ""phase"": ""INSTRUCTIONS"", ""templates"": [""instructions/instruct-1.html"", ""instructions/instruct-2.html"", ""instructions/instruct-3.html"", ""instructions/instruct-ready.html""]}"
debug78TAPC:debugYNAOCY,109,1547708297993,"{""action"": ""NextPage"", ""indexOf"": 0, ""viewTime"": 925, ""phase"": ""INSTRUCTIONS"", ""template"": ""instructions/instruct-1.html""}"
debug78TAPC:debugYNAOCY,110,1547708299584,"{""action"": ""NextPage"", ""indexOf"": 1, ""viewTime"": 1589, ""phase"": ""INSTRUCTIONS"", ""template"": ""instructions/instruct-2.html""}"
debug78TAPC:debugYNAOCY,111,1547708300730,"{""action"": ""NextPage"", ""indexOf"": 2, ""viewTime"": 1144, ""phase"": ""INSTRUCTIONS"", ""template"": ""instructions/instruct-3.html""}"
debug78TAPC:debugYNAOCY,112,1547708301774,"{""action"": ""FinishInstructions"", ""indexOf"": 3, ""viewTime"": 1042, ""phase"": ""INSTRUCTIONS"", ""template"": ""instructions/instruct-ready.html""}"
debug78TAPC:debugYNAOCY,113,1547708355562,"{""action"": ""Begin"", ""phase"": ""INSTRUCTIONS"", ""templates"": [""instructions/instruct-1.html"", ""instructions/instruct-2.html"", ""instructions/instruct-3.html"", ""instructions/instruct-ready.html""]}"
debug78TAPC:debugYNAOCY,114,1547708356515,"{""action"": ""NextPage"", ""indexOf"": 0, ""viewTime"": 948, ""phase"": ""INSTRUCTIONS"", ""template"": ""instructions/instruct-1.html""}"
debug78TAPC:debugYNAOCY,115,1547708358840,"{""action"": ""NextPage"", ""indexOf"": 1, ""viewTime"": 2324, ""phase"": ""INSTRUCTIONS"", ""template"": ""instructions/instruct-2.html""}"
debug78TAPC:debugYNAOCY,116,1547708361139,"{""action"": ""NextPage"", ""indexOf"": 2, ""viewTime"": 2298, ""phase"": ""INSTRUCTIONS"", ""template"": ""instructions/instruct-3.html""}"
debug78TAPC:debugYNAOCY,117,1547708362363,"{""action"": ""FinishInstructions"", ""indexOf"": 3, ""viewTime"": 1222, ""phase"": ""INSTRUCTIONS"", ""template"": ""instructions/instruct-ready.html""}"
debug78TAPC:debugYNAOCY,118,1547708425068,"{""action"": ""Begin"", ""phase"": ""INSTRUCTIONS"", ""templates"": [""instructions/instruct-1.html"", ""instructions/instruct-2.html"", ""instructions/instruct-3.html"", ""instructions/instruct-ready.html""]}"
debug78TAPC:debugYNAOCY,119,1547708426129,"{""action"": ""NextPage"", ""indexOf"": 0, ""viewTime"": 1058, ""phase"": ""INSTRUCTIONS"", ""template"": ""instructions/instruct-1.html""}"
debug78TAPC:debugYNAOCY,120,1547708428673,"{""action"": ""NextPage"", ""indexOf"": 1, ""viewTime"": 2542, ""phase"": ""INSTRUCTIONS"", ""template"": ""instructions/instruct-2.html""}"
debug78TAPC:debugYNAOCY,121,1547708430924,"{""action"": ""NextPage"", ""indexOf"": 2, ""viewTime"": 2250, ""phase"": ""INSTRUCTIONS"", ""template"": ""instructions/instruct-3.html""}"
debug78TAPC:debugYNAOCY,122,1547708431935,"{""action"": ""FinishInstructions"", ""indexOf"": 3, ""viewTime"": 1009, ""phase"": ""INSTRUCTIONS"", ""template"": ""instructions/instruct-ready.html""}"
debug78TAPC:debugYNAOCY,123,1547708480614,"{""action"": ""Begin"", ""phase"": ""INSTRUCTIONS"", ""templates"": [""instructions/instruct-1.html"", ""instructions/instruct-2.html"", ""instructions/instruct-3.html"", ""instructions/instruct-ready.html""]}"
debug78TAPC:debugYNAOCY,124,1547708481189,"{""action"": ""NextPage"", ""indexOf"": 0, ""viewTime"": 571, ""phase"": ""INSTRUCTIONS"", ""template"": ""instructions/instruct-1.html""}"
debug78TAPC:debugYNAOCY,125,1547708483208,"{""action"": ""NextPage"", ""indexOf"": 1, ""viewTime"": 2018, ""phase"": ""INSTRUCTIONS"", ""template"": ""instructions/instruct-2.html""}"
debug78TAPC:debugYNAOCY,126,1547708483992,"{""action"": ""NextPage"", ""indexOf"": 2, ""viewTime"": 783, ""phase"": ""INSTRUCTIONS"", ""template"": ""instructions/instruct-3.html""}"
debug78TAPC:debugYNAOCY,127,1547708484786,"{""action"": ""FinishInstructions"", ""indexOf"": 3, ""viewTime"": 794, ""phase"": ""INSTRUCTIONS"", ""template"": ""instructions/instruct-ready.html""}"
debug78TAPC:debugYNAOCY,128,1547709317551,"{""action"": ""Begin"", ""phase"": ""INSTRUCTIONS"", ""templates"": [""instructions/instruct-1.html"", ""instructions/instruct-2.html"", ""instructions/instruct-3.html"", ""instructions/instruct-ready.html""]}"
debug78TAPC:debugYNAOCY,129,1547709323290,"{""action"": ""NextPage"", ""indexOf"": 0, ""viewTime"": 5734, ""phase"": ""INSTRUCTIONS"", ""template"": ""instructions/instruct-1.html""}"
debug78TAPC:debugYNAOCY,130,1547709324987,"{""action"": ""NextPage"", ""indexOf"": 1, ""viewTime"": 1697, ""phase"": ""INSTRUCTIONS"", ""template"": ""instructions/instruct-2.html""}"
debug78TAPC:debugYNAOCY,131,1547709325582,"{""action"": ""NextPage"", ""indexOf"": 2, ""viewTime"": 593, ""phase"": ""INSTRUCTIONS"", ""template"": ""instructions/instruct-3.html""}"
debug78TAPC:debugYNAOCY,132,1547709326560,"{""action"": ""FinishInstructions"", ""indexOf"": 3, ""viewTime"": 976, ""phase"": ""INSTRUCTIONS"", ""template"": ""instructions/instruct-ready.html""}"
debug78TAPC:debugYNAOCY,133,1547709515548,"{""action"": ""Begin"", ""phase"": ""INSTRUCTIONS"", ""templates"": [""instructions/instruct-1.html"", ""instructions/instruct-2.html"", ""instructions/instruct-3.html"", ""instructions/instruct-ready.html""]}"
debug78TAPC:debugYNAOCY,134,1547709516259,"{""action"": ""NextPage"", ""indexOf"": 0, ""viewTime"": 708, ""phase"": ""INSTRUCTIONS"", ""template"": ""instructions/instruct-1.html""}"
debug78TAPC:debugYNAOCY,135,1547709517116,"{""action"": ""NextPage"", ""indexOf"": 1, ""viewTime"": 856, ""phase"": ""INSTRUCTIONS"", ""template"": ""instructions/instruct-2.html""}"
debug78TAPC:debugYNAOCY,136,1547709518462,"{""action"": ""NextPage"", ""indexOf"": 2, ""viewTime"": 1344, ""phase"": ""INSTRUCTIONS"", ""template"": ""instructions/instruct-3.html""}"
debug78TAPC:debugYNAOCY,137,1547709519417,"{""action"": ""FinishInstructions"", ""indexOf"": 3, ""viewTime"": 954, ""phase"": ""INSTRUCTIONS"", ""template"": ""instructions/instruct-ready.html""}"
debug78TAPC:debugYNAOCY,138,1547709527770,{}
debug78TAPC:debugYNAOCY,139,1547709527772,"{""phase"": ""postquestionnaire"", ""status"": ""begin""}"
debug78TAPC:debugYNAOCY,140,1547709529117,"{""phase"": ""postquestionnaire"", ""status"": ""submit""}"
debug78TAPC:debugYNAOCY,141,1547709537098,"{""action"": ""Begin"", ""phase"": ""INSTRUCTIONS"", ""templates"": [""instructions/instruct-1.html"", ""instructions/instruct-2.html"", ""instructions/instruct-3.html"", ""instructions/instruct-ready.html""]}"
debug78TAPC:debugYNAOCY,142,1547709537811,"{""action"": ""NextPage"", ""indexOf"": 0, ""viewTime"": 708, ""phase"": ""INSTRUCTIONS"", ""template"": ""instructions/instruct-1.html""}"
debug78TAPC:debugYNAOCY,143,1547709539515,"{""action"": ""NextPage"", ""indexOf"": 1, ""viewTime"": 1702, ""phase"": ""INSTRUCTIONS"", ""template"": ""instructions/instruct-2.html""}"
debug78TAPC:debugYNAOCY,144,1547709540203,"{""action"": ""NextPage"", ""indexOf"": 2, ""viewTime"": 687, ""phase"": ""INSTRUCTIONS"", ""template"": ""instructions/instruct-3.html""}"
debug78TAPC:debugYNAOCY,145,1547709541237,"{""action"": ""FinishInstructions"", ""indexOf"": 3, ""viewTime"": 1033, ""phase"": ""INSTRUCTIONS"", ""template"": ""instructions/instruct-ready.html""}"
debug78TAPC:debugYNAOCY,146,1547709726005,"{""action"": ""Begin"", ""phase"": ""INSTRUCTIONS"", ""templates"": [""instructions/instruct-1.html"", ""instructions/instruct-2.html"", ""instructions/instruct-3.html"", ""instructions/instruct-ready.html""]}"
debug78TAPC:debugYNAOCY,147,1547709727033,"{""action"": ""NextPage"", ""indexOf"": 0, ""viewTime"": 1022, ""phase"": ""INSTRUCTIONS"", ""template"": ""instructions/instruct-1.html""}"
debug78TAPC:debugYNAOCY,148,1547709728065,"{""action"": ""NextPage"", ""indexOf"": 1, ""viewTime"": 1030, ""phase"": ""INSTRUCTIONS"", ""template"": ""instructions/instruct-2.html""}"
debug78TAPC:debugYNAOCY,149,1547709729331,"{""action"": ""NextPage"", ""indexOf"": 2, ""viewTime"": 1265, ""phase"": ""INSTRUCTIONS"", ""template"": ""instructions/instruct-3.html""}"
debug78TAPC:debugYNAOCY,150,1547709730375,"{""action"": ""FinishInstructions"", ""indexOf"": 3, ""viewTime"": 1043, ""phase"": ""INSTRUCTIONS"", ""template"": ""instructions/instruct-ready.html""}"
debug78TAPC:debugYNAOCY,151,1547709941043,"{""phase"": ""INSTRUCTIONS"", ""templates"": [""instructions/instruct-1.html"", ""instructions/instruct-2.html"", ""instructions/instruct-3.html"", ""instructions/instruct-ready.html""], ""action"": ""Begin""}"
debug78TAPC:debugYNAOCY,152,1547709942120,"{""phase"": ""INSTRUCTIONS"", ""indexOf"": 0, ""viewTime"": 1073, ""action"": ""NextPage"", ""template"": ""instructions/instruct-1.html""}"
debug78TAPC:debugYNAOCY,153,1547709942767,"{""phase"": ""INSTRUCTIONS"", ""indexOf"": 1, ""viewTime"": 645, ""action"": ""NextPage"", ""template"": ""instructions/instruct-2.html""}"
debug78TAPC:debugYNAOCY,154,1547709943559,"{""phase"": ""INSTRUCTIONS"", ""indexOf"": 2, ""viewTime"": 791, ""action"": ""NextPage"", ""template"": ""instructions/instruct-3.html""}"
debug78TAPC:debugYNAOCY,155,1547709944606,"{""phase"": ""INSTRUCTIONS"", ""indexOf"": 3, ""viewTime"": 1046, ""action"": ""FinishInstructions"", ""template"": ""instructions/instruct-ready.html""}"
debug78TAPC:debugYNAOCY,156,1547709962257,{}
debug78TAPC:debugYNAOCY,157,1547709962261,"{""phase"": ""postquestionnaire"", ""status"": ""begin""}"
debug78TAPC:debugYNAOCY,158,1547710085097,"{""phase"": ""postquestionnaire"", ""status"": ""submit""}"
debug78TAPC:debugYNAOCY,159,1547710085442,"{""phase"": ""postquestionnaire"", ""status"": ""submit""}"
debug78TAPC:debugYNAOCY,160,1547710085641,"{""phase"": ""postquestionnaire"", ""status"": ""submit""}"
debug78TAPC:debugYNAOCY,161,1547710085805,"{""phase"": ""postquestionnaire"", ""status"": ""submit""}"
debug78TAPC:debugYNAOCY,162,1547710103540,"{""phase"": ""postquestionnaire"", ""status"": ""submit""}"
debug78TAPC:debugYNAOCY,163,1547710104247,"{""phase"": ""postquestionnaire"", ""status"": ""submit""}"
debug78TAPC:debugYNAOCY,164,1547710104658,"{""phase"": ""postquestionnaire"", ""status"": ""submit""}"
debug78TAPC:debugYNAOCY,165,1547710104850,"{""phase"": ""postquestionnaire"", ""status"": ""submit""}"
debug78TAPC:debugYNAOCY,166,1547710139746,"{""phase"": ""postquestionnaire"", ""status"": ""submit""}"
debug78TAPC:debugYNAOCY,167,1547710153457,"{""phase"": ""postquestionnaire"", ""status"": ""submit""}"
debug78TAPC:debugYNAOCY,168,1547710153481,"{""phase"": ""postquestionnaire"", ""status"": ""submit""}"
debug78TAPC:debugYNAOCY,169,1547710154064,"{""phase"": ""postquestionnaire"", ""status"": ""submit""}"
debug78TAPC:debugYNAOCY,170,1547710154205,"{""phase"": ""postquestionnaire"", ""status"": ""submit""}"
debug78TAPC:debugYNAOCY,171,1547710224740,"{""phase"": ""postquestionnaire"", ""status"": ""submit""}"
debug78TAPC:debugYNAOCY,172,1547710236493,"{""phase"": ""postquestionnaire"", ""status"": ""submit""}"
debugE3NSVU:debugRLYMUG,0,1547750829234,"{""action"": ""Begin"", ""phase"": ""INSTRUCTIONS"", ""templates"": [""instructions/instruct-1.html"", ""instructions/instruct-2.html"", ""instructions/instruct-3.html"", ""instructions/instruct-ready.html""]}"
debugE3NSVU:debugRLYMUG,1,1547750831544,"{""action"": ""NextPage"", ""indexOf"": 0, ""viewTime"": 2304, ""phase"": ""INSTRUCTIONS"", ""template"": ""instructions/instruct-1.html""}"
debugE3NSVU:debugRLYMUG,2,1547750833104,"{""action"": ""NextPage"", ""indexOf"": 1, ""viewTime"": 1558, ""phase"": ""INSTRUCTIONS"", ""template"": ""instructions/instruct-2.html""}"
debugE3NSVU:debugRLYMUG,3,1547750834749,"{""action"": ""NextPage"", ""indexOf"": 2, ""viewTime"": 1644, ""phase"": ""INSTRUCTIONS"", ""template"": ""instructions/instruct-3.html""}"
debugE3NSVU:debugRLYMUG,4,1547750836321,"{""action"": ""FinishInstructions"", ""indexOf"": 3, ""viewTime"": 1571, ""phase"": ""INSTRUCTIONS"", ""template"": ""instructions/instruct-ready.html""}"
debugE3NSVU:debugRLYMUG,5,1547750850391,{}
debugE3NSVU:debugRLYMUG,6,1547750850395,"{""phase"": ""postquestionnaire"", ""status"": ""begin""}"
debugE3NSVU:debugRLYMUG,7,1547750917452,"{""phase"": ""postquestionnaire"", ""status"": ""submit""}"
debugE3NSVU:debugRLYMUG,8,1547751036700,"{""action"": ""Begin"", ""phase"": ""INSTRUCTIONS"", ""templates"": [""instructions/instruct-1.html"", ""instructions/instruct-2.html"", ""instructions/instruct-3.html"", ""instructions/instruct-ready.html""]}"
debugE3NSVU:debugRLYMUG,9,1547751037732,"{""action"": ""NextPage"", ""indexOf"": 0, ""viewTime"": 1027, ""phase"": ""INSTRUCTIONS"", ""template"": ""instructions/instruct-1.html""}"
debugE3NSVU:debugRLYMUG,10,1547751039303,"{""action"": ""NextPage"", ""indexOf"": 1, ""viewTime"": 1570, ""phase"": ""INSTRUCTIONS"", ""template"": ""instructions/instruct-2.html""}"
debugE3NSVU:debugRLYMUG,11,1547751040141,"{""action"": ""NextPage"", ""indexOf"": 2, ""viewTime"": 837, ""phase"": ""INSTRUCTIONS"", ""template"": ""instructions/instruct-3.html""}"
debugE3NSVU:debugRLYMUG,12,1547751041277,"{""action"": ""FinishInstructions"", ""indexOf"": 3, ""viewTime"": 1135, ""phase"": ""INSTRUCTIONS"", ""template"": ""instructions/instruct-ready.html""}"
debugE3NSVU:debugRLYMUG,13,1547751048871,{}
debugE3NSVU:debugRLYMUG,14,1547751048873,"{""phase"": ""postquestionnaire"", ""status"": ""begin""}"
debugE3NSVU:debugRLYMUG,15,1547751081317,"{""phase"": ""postquestionnaire"", ""status"": ""submit""}"
debugE3NSVU:debugRLYMUG,16,1547751217714,"{""phase"": ""postquestionnaire"", ""status"": ""submit""}"
debugE3NSVU:debugRLYMUG,17,1547751328355,"{""phase"": ""INSTRUCTIONS"", ""templates"": [""instructions/instruct-1.html"", ""instructions/instruct-2.html"", ""instructions/instruct-3.html"", ""instructions/instruct-ready.html""], ""action"": ""Begin""}"
debugE3NSVU:debugRLYMUG,18,1547751329475,"{""phase"": ""INSTRUCTIONS"", ""indexOf"": 0, ""viewTime"": 1115, ""action"": ""NextPage"", ""template"": ""instructions/instruct-1.html""}"
debugE3NSVU:debugRLYMUG,19,1547751330783,"{""phase"": ""INSTRUCTIONS"", ""indexOf"": 1, ""viewTime"": 1307, ""action"": ""NextPage"", ""template"": ""instructions/instruct-2.html""}"
debugE3NSVU:debugRLYMUG,20,1547751331240,"{""phase"": ""INSTRUCTIONS"", ""indexOf"": 2, ""viewTime"": 453, ""action"": ""NextPage"", ""template"": ""instructions/instruct-3.html""}"
debugE3NSVU:debugRLYMUG,21,1547751332015,"{""phase"": ""INSTRUCTIONS"", ""indexOf"": 3, ""viewTime"": 774, ""action"": ""FinishInstructions"", ""template"": ""instructions/instruct-ready.html""}"
debugE3NSVU:debugRLYMUG,22,1547751339677,{}
debugE3NSVU:debugRLYMUG,23,1547751349558,"{""phase"": ""postquestionnaire"", ""status"": ""begin""}"
debugE3NSVU:debugRLYMUG,24,1547751368266,"{""phase"": ""postquestionnaire"", ""status"": ""submit""}"
debugL3Q5PA:debugFREXGI,0,1547760692359,"{""action"": ""Begin"", ""phase"": ""INSTRUCTIONS"", ""templates"": [""instructions/instruct-ready.html""]}"
debugL3Q5PA:debugFREXGI,1,1547760693746,"{""action"": ""FinishInstructions"", ""indexOf"": 0, ""viewTime"": 1384, ""phase"": ""INSTRUCTIONS"", ""template"": ""instructions/instruct-ready.html""}"
debugL3Q5PA:debugFREXGI,2,1547761031890,"{""phase"": ""INSTRUCTIONS"", ""templates"": [""instructions/instruct-ready.html""], ""action"": ""Begin""}"
debugL3Q5PA:debugFREXGI,3,1547761035222,"{""phase"": ""INSTRUCTIONS"", ""indexOf"": 0, ""viewTime"": 3328, ""action"": ""FinishInstructions"", ""template"": ""instructions/instruct-ready.html""}"
debugL3Q5PA:debugFREXGI,4,1547761049780,{}
debugL3Q5PA:debugFREXGI,5,1547761056311,"{""phase"": ""postquestionnaire"", ""status"": ""begin""}"
debugL3Q5PA:debugFREXGI,6,1547761105995,"{""phase"": ""postquestionnaire"", ""status"": ""submit""}"
debugL3Q5PA:debugFREXGI,7,1547761106905,"{""phase"": ""postquestionnaire"", ""status"": ""submit""}"
debugL3Q5PA:debugFREXGI,8,1547761107081,"{""phase"": ""postquestionnaire"", ""status"": ""submit""}"
debugL3Q5PA:debugFREXGI,9,1547761107218,"{""phase"": ""postquestionnaire"", ""status"": ""submit""}"
debugL3Q5PA:debugFREXGI,10,1547761107576,"{""phase"": ""postquestionnaire"", ""status"": ""submit""}"
debug27NZ71:debug6ZIN0N,0,1547761260820,"{""action"": ""Begin"", ""phase"": ""INSTRUCTIONS"", ""templates"": [""instructions/instruct-ready.html""]}"
debug27NZ71:debug6ZIN0N,1,1547761261430,"{""action"": ""FinishInstructions"", ""indexOf"": 0, ""viewTime"": 605, ""phase"": ""INSTRUCTIONS"", ""template"": ""instructions/instruct-ready.html""}"
debug27NZ71:debug6ZIN0N,2,1547761269284,{}
debug27NZ71:debug6ZIN0N,3,1547761269287,"{""phase"": ""postquestionnaire"", ""status"": ""begin""}"
debug27NZ71:debug6ZIN0N,4,1547761270840,"{""phase"": ""postquestionnaire"", ""status"": ""submit""}"
debug27NZ71:debug6ZIN0N,5,1547761271471,"{""phase"": ""postquestionnaire"", ""status"": ""submit""}"
debug27NZ71:debug6ZIN0N,6,1547761271623,"{""phase"": ""postquestionnaire"", ""status"": ""submit""}"
debug27NZ71:debug6ZIN0N,7,1547761271767,"{""phase"": ""postquestionnaire"", ""status"": ""submit""}"
debug27NZ71:debug6ZIN0N,8,1547761293736,"{""phase"": ""postquestionnaire"", ""status"": ""submit""}"
debug27NZ71:debug6ZIN0N,9,1547761293887,"{""phase"": ""postquestionnaire"", ""status"": ""submit""}"
debug27NZ71:debug6ZIN0N,10,1547761485199,"{""action"": ""Begin"", ""phase"": ""INSTRUCTIONS"", ""templates"": [""instructions/instruct-ready.html""]}"
debug27NZ71:debug6ZIN0N,11,1547761485832,"{""action"": ""FinishInstructions"", ""indexOf"": 0, ""viewTime"": 630, ""phase"": ""INSTRUCTIONS"", ""template"": ""instructions/instruct-ready.html""}"
debug27NZ71:debug6ZIN0N,12,1547761492488,{}
debug27NZ71:debug6ZIN0N,13,1547761522272,"{""phase"": ""postquestionnaire"", ""status"": ""begin""}"
debug27NZ71:debug6ZIN0N,14,1547761617161,"{""phase"": ""INSTRUCTIONS"", ""templates"": [""instructions/instruct-ready.html""], ""action"": ""Begin""}"
debug27NZ71:debug6ZIN0N,15,1547761617993,"{""phase"": ""INSTRUCTIONS"", ""indexOf"": 0, ""viewTime"": 827, ""action"": ""FinishInstructions"", ""template"": ""instructions/instruct-ready.html""}"
debug27NZ71:debug6ZIN0N,16,1547761624831,{}
debug27NZ71:debug6ZIN0N,17,1547761624831,"{""phase"": ""postquestionnaire"", ""status"": ""begin""}"
debugHVA47D:debugY1J49O,0,1547761707617,"{""phase"": ""INSTRUCTIONS"", ""templates"": [""instructions/instruct-ready.html""], ""action"": ""Begin""}"
debugHVA47D:debugY1J49O,1,1547761708749,"{""phase"": ""INSTRUCTIONS"", ""indexOf"": 0, ""viewTime"": 1131, ""action"": ""FinishInstructions"", ""template"": ""instructions/instruct-ready.html""}"
debugHVA47D:debugY1J49O,2,1547761715825,{}
debugHVA47D:debugY1J49O,3,1547761715826,"{""phase"": ""postquestionnaire"", ""status"": ""begin""}"
debugHVA47D:debugY1J49O,4,1547761717119,"{""phase"": ""postquestionnaire"", ""status"": ""submit""}"
debug4V2KLR:debugPD9QJV,0,1547762381911,"{""phase"": ""INSTRUCTIONS"", ""templates"": [""instructions/instruct-ready.html""], ""action"": ""Begin""}"
debug4V2KLR:debugPD9QJV,1,1547762386254,"{""phase"": ""INSTRUCTIONS"", ""indexOf"": 0, ""viewTime"": 4342, ""action"": ""FinishInstructions"", ""template"": ""instructions/instruct-ready.html""}"
debugLT9S8B:debugF1ZRBA,0,1547769038723,"{""action"": ""Begin"", ""phase"": ""INSTRUCTIONS"", ""templates"": [""instructions/instruct-ready.html""]}"
debugLT9S8B:debugF1ZRBA,1,1547769039698,"{""action"": ""FinishInstructions"", ""indexOf"": 0, ""viewTime"": 972, ""phase"": ""INSTRUCTIONS"", ""template"": ""instructions/instruct-ready.html""}"
debugLT9S8B:debugF1ZRBA,2,1547769061913,"{""action"": ""Begin"", ""phase"": ""INSTRUCTIONS"", ""templates"": [""instructions/instruct-ready.html""]}"
debugLT9S8B:debugF1ZRBA,3,1547769062640,"{""action"": ""FinishInstructions"", ""indexOf"": 0, ""viewTime"": 722, ""phase"": ""INSTRUCTIONS"", ""template"": ""instructions/instruct-ready.html""}"
debugLT9S8B:debugF1ZRBA,4,1547769188649,"{""action"": ""Begin"", ""phase"": ""INSTRUCTIONS"", ""templates"": [""instructions/instruct-ready.html""]}"
debugLT9S8B:debugF1ZRBA,5,1547769189878,"{""action"": ""FinishInstructions"", ""indexOf"": 0, ""viewTime"": 1226, ""phase"": ""INSTRUCTIONS"", ""template"": ""instructions/instruct-ready.html""}"
debugLT9S8B:debugF1ZRBA,6,1547769339132,"{""action"": ""Begin"", ""phase"": ""INSTRUCTIONS"", ""templates"": [""instructions/instruct-ready.html""]}"
debugLT9S8B:debugF1ZRBA,7,1547769348701,"{""action"": ""FinishInstructions"", ""indexOf"": 0, ""viewTime"": 9566, ""phase"": ""INSTRUCTIONS"", ""template"": ""instructions/instruct-ready.html""}"
debugLT9S8B:debugF1ZRBA,8,1547769705744,"{""action"": ""Begin"", ""phase"": ""INSTRUCTIONS"", ""templates"": [""instructions/instruct-ready.html""]}"
debugLT9S8B:debugF1ZRBA,9,1547769707262,"{""action"": ""FinishInstructions"", ""indexOf"": 0, ""viewTime"": 1515, ""phase"": ""INSTRUCTIONS"", ""template"": ""instructions/instruct-ready.html""}"
debugLT9S8B:debugF1ZRBA,10,1547769812584,"{""action"": ""Begin"", ""phase"": ""INSTRUCTIONS"", ""templates"": [""instructions/instruct-ready.html""]}"
debugLT9S8B:debugF1ZRBA,11,1547769815946,"{""action"": ""FinishInstructions"", ""indexOf"": 0, ""viewTime"": 3359, ""phase"": ""INSTRUCTIONS"", ""template"": ""instructions/instruct-ready.html""}"
debugLT9S8B:debugF1ZRBA,12,1547769922061,"{""phase"": ""INSTRUCTIONS"", ""templates"": [""instructions/instruct-ready.html""], ""action"": ""Begin""}"
debugLT9S8B:debugF1ZRBA,13,1547769923339,"{""phase"": ""INSTRUCTIONS"", ""indexOf"": 0, ""viewTime"": 1273, ""action"": ""FinishInstructions"", ""template"": ""instructions/instruct-ready.html""}"
debugLT9S8B:debugF1ZRBA,14,1547769949874,{}
debugLT9S8B:debugF1ZRBA,15,1547769949876,"{""phase"": ""postquestionnaire"", ""status"": ""begin""}"
debugLT9S8B:debugF1ZRBA,16,1547769953246,"{""phase"": ""postquestionnaire"", ""status"": ""submit""}"
debug34KWPY:debugB1JY7M,0,1547773785039,"{""phase"": ""INSTRUCTIONS"", ""templates"": [""instructions/instruct-ready.html""], ""action"": ""Begin""}"
debug34KWPY:debugB1JY7M,1,1547773785704,"{""phase"": ""INSTRUCTIONS"", ""indexOf"": 0, ""viewTime"": 660, ""action"": ""FinishInstructions"", ""template"": ""instructions/instruct-ready.html""}"
debugZ0P6HI:debugAJFHD3,0,1547778776440,"{""phase"": ""INSTRUCTIONS"", ""templates"": [""instructions/instruct-ready.html""], ""action"": ""Begin""}"
debugZ0P6HI:debugAJFHD3,1,1547778777596,"{""phase"": ""INSTRUCTIONS"", ""indexOf"": 0, ""viewTime"": 1153, ""action"": ""FinishInstructions"", ""template"": ""instructions/instruct-ready.html""}"
debugZ0P6HI:debugAJFHD3,2,1547778848189,{}
debugZ0P6HI:debugAJFHD3,3,1547778848191,"{""phase"": ""postquestionnaire"", ""status"": ""begin""}"
debugZ0P6HI:debugAJFHD3,4,1547778849550,"{""phase"": ""postquestionnaire"", ""status"": ""submit""}"
debugFI9E10:debug1JWH9F,0,1547779379540,"{""phase"": ""INSTRUCTIONS"", ""templates"": [""instructions/instruct-ready.html""], ""action"": ""Begin""}"
debugFI9E10:debug1JWH9F,1,1547779380141,"{""phase"": ""INSTRUCTIONS"", ""indexOf"": 0, ""viewTime"": 599, ""action"": ""FinishInstructions"", ""template"": ""instructions/instruct-ready.html""}"
